<metadata xml:lang="fr"><Esri><CreaDate>20150914</CreaDate><CreaTime>13253200</CreaTime><ArcGISFormat>1.0</ArcGISFormat><SyncOnce>FALSE</SyncOnce><DataProperties><lineage><Process ToolSource="c:\program files (x86)\arcgis\desktop10.3\ArcToolbox\Toolboxes\Data Management Tools.tbx\CalculateField" Date="20150914" Time="132532">CalculateField Sentier_ete_l No_ident_5 "" VB #</Process><Process ToolSource="c:\program files (x86)\arcgis\desktop10.3\ArcToolbox\Toolboxes\Data Management Tools.tbx\CalculateField" Date="20150914" Time="132544">CalculateField Sentier_ete_l No_ident_6 "" VB #</Process><Process ToolSource="c:\program files (x86)\arcgis\desktop10.3\ArcToolbox\Toolboxes\Data Management Tools.tbx\CalculateField" Date="20150914" Time="132556">CalculateField Sentier_ete_l Toponyme5 "" VB #</Process><Process ToolSource="c:\program files (x86)\arcgis\desktop10.3\ArcToolbox\Toolboxes\Data Management Tools.tbx\CalculateField" Date="20150914" Time="132601">CalculateField Sentier_ete_l Toponyme6 "" VB #</Process><Process ToolSource="c:\program files (x86)\arcgis\desktop10.3\ArcToolbox\Toolboxes\Data Management Tools.tbx\CalculateField" Date="20150914" Time="132616">CalculateField Sentier_ete_l Usager_2 "" VB #</Process><Process ToolSource="c:\program files (x86)\arcgis\desktop10.3\ArcToolbox\Toolboxes\Data Management Tools.tbx\CalculateField" Date="20150914" Time="132622">CalculateField Sentier_ete_l Usager_3 "" VB #</Process><Process ToolSource="c:\program files (x86)\arcgis\desktop10.3\ArcToolbox\Toolboxes\Data Management Tools.tbx\CalculateField" Date="20150914" Time="132628">CalculateField Sentier_ete_l Usager_4 "" VB #</Process><Process ToolSource="c:\program files (x86)\arcgis\desktop10.3\ArcToolbox\Toolboxes\Data Management Tools.tbx\CalculateField" Date="20150914" Time="132837">CalculateField Sentier_ete_l Usager_2 "Vélo" VB #</Process><Process ToolSource="c:\program files (x86)\arcgis\desktop10.6\ArcToolbox\Toolboxes\Data Management Tools.tbx\CalculateField" Date="20180417" Time="093942">CalculateField Sentier_ete_l Nom_etab "Anticosti" VB #</Process><Process ToolSource="c:\program files (x86)\arcgis\desktop10.6\ArcToolbox\Toolboxes\Data Management Tools.tbx\CalculateField" Date="20180417" Time="094000">CalculateField Sentier_ete_l Remarque "Sentier hors parc" VB #</Process><Process ToolSource="c:\program files (x86)\arcgis\desktop10.6\ArcToolbox\Toolboxes\Data Management Tools.tbx\CalculateField" Date="20180925" Time="091312">CalculateField Sentier_ete_l Remarque "Hors parc" VB #</Process><Process ToolSource="c:\program files (x86)\arcgis\desktop10.6\ArcToolbox\Toolboxes\Data Management Tools.tbx\CalculateField" Date="20180925" Time="091334">CalculateField Sentier_ete_l Remarque ""Ajouté pour joindre point d'intérêt de PP"" VB #</Process><Process Name="Copy Features (9)" ToolSource="c:\program files (x86)\arcgis\desktop10.7\ArcToolbox\Toolboxes\Data Management Tools.tbx\CopyFeatures" Date="20191205" Time="074542">CopyFeatures M:\Carto\Donnee\Reseau\Anticosti\Etablissement\Activite.gdb\Sentier\Sentier_ete_l M:\Carto\Donnee\Global\Sepaq\Donnee_Sepaq_A_Jour\Donnee_Anticosti.gdb\Anticosti\Sentier_ete_l # 0 0 0</Process><Process Name="Delete Field (9)" ToolSource="c:\program files (x86)\arcgis\desktop10.7\ArcToolbox\Toolboxes\Data Management Tools.tbx\DeleteField" Date="20191205" Time="074546">DeleteField M:\Carto\Donnee\Global\Sepaq\Donnee_Sepaq_A_Jour\Donnee_Anticosti.gdb\Anticosti\Sentier_ete_l Long_m;Parc_Parcours;No_ident;No_ident_2;No_ident_3;No_ident_4</Process><Process Name="Merge (4)" ToolSource="c:\program files (x86)\arcgis\desktop10.7\ArcToolbox\Toolboxes\Data Management Tools.tbx\Merge" Date="20191205" Time="091202">Merge M:\Carto\Donnee\Global\Sepaq\Donnee_Sepaq_A_Jour\Donnee_Anticosti.gdb\Anticosti\Sentier_ete_l;M:\Carto\Donnee\Global\Sepaq\Donnee_Sepaq_A_Jour\Donnee_Etablissement_touristique.gdb\Etablissement_touristique\Sentier_ete_l;M:\Carto\Donnee\Global\Sepaq\Donnee_Sepaq_A_Jour\Donnee_Parc_national.gdb\Parc_national\Sentier_ete_l;M:\Carto\Donnee\Global\Sepaq\Donnee_Sepaq_A_Jour\Donnee_Reserve_faunique.gdb\Reserve_faunique\Sentier_ete_l M:\Carto\Donnee\Global\Sepaq\Donnee_Sepaq_A_Jour\Donnee_SEPAQ.gdb\Total\Sentier_ete_l "No_etab "No_etab" true true false 5 Text 0 0 ,First,#,M:\Carto\Donnee\Global\Sepaq\Donnee_Sepaq_2015\Donnee_Anticosti_2015.gdb\Anticosti\Sentier_ete_l,No_etab,-1,-1,M:\Carto\Donnee\Global\Sepaq\Donnee_Sepaq_2015\Donnee_Centre_touristique_2015.gdb\Centre_touristique\Sentier_ete_l,No_etab,-1,-1,M:\Carto\Donnee\Global\Sepaq\Donnee_Sepaq_2015\Donnee_Parc_national_2015.gdb\Parc_national\Sentier_ete_l,No_etab,-1,-1,M:\Carto\Donnee\Global\Sepaq\Donnee_Sepaq_2015\Donnee_Reserve_faunique_2015.gdb\Reserve_faunique\Sentier_ete_l,No_etab,-1,-1;Code_etab "Code_etab" true true false 20 Text 0 0 ,First,#,M:\Carto\Donnee\Global\Sepaq\Donnee_Sepaq_2015\Donnee_Anticosti_2015.gdb\Anticosti\Sentier_ete_l,Code_etab,-1,-1,M:\Carto\Donnee\Global\Sepaq\Donnee_Sepaq_2015\Donnee_Centre_touristique_2015.gdb\Centre_touristique\Sentier_ete_l,Code_etab,-1,-1,M:\Carto\Donnee\Global\Sepaq\Donnee_Sepaq_2015\Donnee_Parc_national_2015.gdb\Parc_national\Sentier_ete_l,Code_etab,-1,-1,M:\Carto\Donnee\Global\Sepaq\Donnee_Sepaq_2015\Donnee_Reserve_faunique_2015.gdb\Reserve_faunique\Sentier_ete_l,Code_etab,-1,-1;No_reseau "No_reseau" true true false 5 Text 0 0 ,First,#,M:\Carto\Donnee\Global\Sepaq\Donnee_Sepaq_2015\Donnee_Anticosti_2015.gdb\Anticosti\Sentier_ete_l,No_reseau,-1,-1,M:\Carto\Donnee\Global\Sepaq\Donnee_Sepaq_2015\Donnee_Centre_touristique_2015.gdb\Centre_touristique\Sentier_ete_l,No_reseau,-1,-1,M:\Carto\Donnee\Global\Sepaq\Donnee_Sepaq_2015\Donnee_Parc_national_2015.gdb\Parc_national\Sentier_ete_l,No_reseau,-1,-1,M:\Carto\Donnee\Global\Sepaq\Donnee_Sepaq_2015\Donnee_Reserve_faunique_2015.gdb\Reserve_faunique\Sentier_ete_l,No_reseau,-1,-1;Code_res "Code_res" true true false 5 Text 0 0 ,First,#,M:\Carto\Donnee\Global\Sepaq\Donnee_Sepaq_2015\Donnee_Anticosti_2015.gdb\Anticosti\Sentier_ete_l,Code_res,-1,-1,M:\Carto\Donnee\Global\Sepaq\Donnee_Sepaq_2015\Donnee_Centre_touristique_2015.gdb\Centre_touristique\Sentier_ete_l,Code_res,-1,-1,M:\Carto\Donnee\Global\Sepaq\Donnee_Sepaq_2015\Donnee_Parc_national_2015.gdb\Parc_national\Sentier_ete_l,Code_res,-1,-1,M:\Carto\Donnee\Global\Sepaq\Donnee_Sepaq_2015\Donnee_Reserve_faunique_2015.gdb\Reserve_faunique\Sentier_ete_l,Code_res,-1,-1;Reseau "Reseau" true true false 50 Text 0 0 ,First,#,M:\Carto\Donnee\Global\Sepaq\Donnee_Sepaq_2015\Donnee_Anticosti_2015.gdb\Anticosti\Sentier_ete_l,Reseau,-1,-1,M:\Carto\Donnee\Global\Sepaq\Donnee_Sepaq_2015\Donnee_Centre_touristique_2015.gdb\Centre_touristique\Sentier_ete_l,Reseau,-1,-1,M:\Carto\Donnee\Global\Sepaq\Donnee_Sepaq_2015\Donnee_Parc_national_2015.gdb\Parc_national\Sentier_ete_l,Reseau,-1,-1,M:\Carto\Donnee\Global\Sepaq\Donnee_Sepaq_2015\Donnee_Reserve_faunique_2015.gdb\Reserve_faunique\Sentier_ete_l,Reseau,-1,-1;Nom_etab "Nom_etab" true true false 100 Text 0 0 ,First,#,M:\Carto\Donnee\Global\Sepaq\Donnee_Sepaq_2015\Donnee_Anticosti_2015.gdb\Anticosti\Sentier_ete_l,Nom_etab,-1,-1,M:\Carto\Donnee\Global\Sepaq\Donnee_Sepaq_2015\Donnee_Centre_touristique_2015.gdb\Centre_touristique\Sentier_ete_l,Nom_etab,-1,-1,M:\Carto\Donnee\Global\Sepaq\Donnee_Sepaq_2015\Donnee_Parc_national_2015.gdb\Parc_national\Sentier_ete_l,Nom_etab,-1,-1,M:\Carto\Donnee\Global\Sepaq\Donnee_Sepaq_2015\Donnee_Reserve_faunique_2015.gdb\Reserve_faunique\Sentier_ete_l,Nom_etab,-1,-1;Maj "Maj" true true false 20 Text 0 0 ,First,#,M:\Carto\Donnee\Global\Sepaq\Donnee_Sepaq_2015\Donnee_Anticosti_2015.gdb\Anticosti\Sentier_ete_l,Maj,-1,-1,M:\Carto\Donnee\Global\Sepaq\Donnee_Sepaq_2015\Donnee_Centre_touristique_2015.gdb\Centre_touristique\Sentier_ete_l,Maj,-1,-1,M:\Carto\Donnee\Global\Sepaq\Donnee_Sepaq_2015\Donnee_Parc_national_2015.gdb\Parc_national\Sentier_ete_l,Maj,-1,-1,M:\Carto\Donnee\Global\Sepaq\Donnee_Sepaq_2015\Donnee_Reserve_faunique_2015.gdb\Reserve_faunique\Sentier_ete_l,Maj,-1,-1;Source "Source" true true false 20 Text 0 0 ,First,#,M:\Carto\Donnee\Global\Sepaq\Donnee_Sepaq_2015\Donnee_Anticosti_2015.gdb\Anticosti\Sentier_ete_l,Source,-1,-1,M:\Carto\Donnee\Global\Sepaq\Donnee_Sepaq_2015\Donnee_Centre_touristique_2015.gdb\Centre_touristique\Sentier_ete_l,Source,-1,-1,M:\Carto\Donnee\Global\Sepaq\Donnee_Sepaq_2015\Donnee_Parc_national_2015.gdb\Parc_national\Sentier_ete_l,Source,-1,-1,M:\Carto\Donnee\Global\Sepaq\Donnee_Sepaq_2015\Donnee_Reserve_faunique_2015.gdb\Reserve_faunique\Sentier_ete_l,Source,-1,-1;Remarque "Remarque" true true false 150 Text 0 0 ,First,#,M:\Carto\Donnee\Global\Sepaq\Donnee_Sepaq_2015\Donnee_Anticosti_2015.gdb\Anticosti\Sentier_ete_l,Remarque,-1,-1,M:\Carto\Donnee\Global\Sepaq\Donnee_Sepaq_2015\Donnee_Centre_touristique_2015.gdb\Centre_touristique\Sentier_ete_l,Remarque,-1,-1,M:\Carto\Donnee\Global\Sepaq\Donnee_Sepaq_2015\Donnee_Parc_national_2015.gdb\Parc_national\Sentier_ete_l,Remarque,-1,-1,M:\Carto\Donnee\Global\Sepaq\Donnee_Sepaq_2015\Donnee_Reserve_faunique_2015.gdb\Reserve_faunique\Sentier_ete_l,Remarque,-1,-1;Usager "Usager" true true false 50 Text 0 0 ,First,#,M:\Carto\Donnee\Global\Sepaq\Donnee_Sepaq_2015\Donnee_Anticosti_2015.gdb\Anticosti\Sentier_ete_l,Usager,-1,-1,M:\Carto\Donnee\Global\Sepaq\Donnee_Sepaq_2015\Donnee_Centre_touristique_2015.gdb\Centre_touristique\Sentier_ete_l,Usager,-1,-1,M:\Carto\Donnee\Global\Sepaq\Donnee_Sepaq_2015\Donnee_Parc_national_2015.gdb\Parc_national\Sentier_ete_l,Usager,-1,-1,M:\Carto\Donnee\Global\Sepaq\Donnee_Sepaq_2015\Donnee_Reserve_faunique_2015.gdb\Reserve_faunique\Sentier_ete_l,Usager,-1,-1;Etat "Etat" true true false 50 Text 0 0 ,First,#,M:\Carto\Donnee\Global\Sepaq\Donnee_Sepaq_2015\Donnee_Anticosti_2015.gdb\Anticosti\Sentier_ete_l,Etat,-1,-1,M:\Carto\Donnee\Global\Sepaq\Donnee_Sepaq_2015\Donnee_Centre_touristique_2015.gdb\Centre_touristique\Sentier_ete_l,Etat,-1,-1,M:\Carto\Donnee\Global\Sepaq\Donnee_Sepaq_2015\Donnee_Parc_national_2015.gdb\Parc_national\Sentier_ete_l,Etat,-1,-1,M:\Carto\Donnee\Global\Sepaq\Donnee_Sepaq_2015\Donnee_Reserve_faunique_2015.gdb\Reserve_faunique\Sentier_ete_l,Etat,-1,-1;Toponyme1 "Toponyme1" true true false 100 Text 0 0 ,First,#,M:\Carto\Donnee\Global\Sepaq\Donnee_Sepaq_2015\Donnee_Anticosti_2015.gdb\Anticosti\Sentier_ete_l,Toponyme1,-1,-1,M:\Carto\Donnee\Global\Sepaq\Donnee_Sepaq_2015\Donnee_Centre_touristique_2015.gdb\Centre_touristique\Sentier_ete_l,Toponyme1,-1,-1,M:\Carto\Donnee\Global\Sepaq\Donnee_Sepaq_2015\Donnee_Parc_national_2015.gdb\Parc_national\Sentier_ete_l,Toponyme1,-1,-1,M:\Carto\Donnee\Global\Sepaq\Donnee_Sepaq_2015\Donnee_Reserve_faunique_2015.gdb\Reserve_faunique\Sentier_ete_l,Toponyme1,-1,-1;Toponyme2 "Toponyme2" true true false 100 Text 0 0 ,First,#,M:\Carto\Donnee\Global\Sepaq\Donnee_Sepaq_2015\Donnee_Anticosti_2015.gdb\Anticosti\Sentier_ete_l,Toponyme2,-1,-1,M:\Carto\Donnee\Global\Sepaq\Donnee_Sepaq_2015\Donnee_Centre_touristique_2015.gdb\Centre_touristique\Sentier_ete_l,Toponyme2,-1,-1,M:\Carto\Donnee\Global\Sepaq\Donnee_Sepaq_2015\Donnee_Parc_national_2015.gdb\Parc_national\Sentier_ete_l,Toponyme2,-1,-1,M:\Carto\Donnee\Global\Sepaq\Donnee_Sepaq_2015\Donnee_Reserve_faunique_2015.gdb\Reserve_faunique\Sentier_ete_l,Toponyme2,-1,-1;Toponyme3 "Toponyme3" true true false 100 Text 0 0 ,First,#,M:\Carto\Donnee\Global\Sepaq\Donnee_Sepaq_2015\Donnee_Anticosti_2015.gdb\Anticosti\Sentier_ete_l,Toponyme3,-1,-1,M:\Carto\Donnee\Global\Sepaq\Donnee_Sepaq_2015\Donnee_Centre_touristique_2015.gdb\Centre_touristique\Sentier_ete_l,Toponyme3,-1,-1,M:\Carto\Donnee\Global\Sepaq\Donnee_Sepaq_2015\Donnee_Parc_national_2015.gdb\Parc_national\Sentier_ete_l,Toponyme3,-1,-1,M:\Carto\Donnee\Global\Sepaq\Donnee_Sepaq_2015\Donnee_Reserve_faunique_2015.gdb\Reserve_faunique\Sentier_ete_l,Toponyme3,-1,-1;Toponyme4 "Toponyme4" true true false 100 Text 0 0 ,First,#,M:\Carto\Donnee\Global\Sepaq\Donnee_Sepaq_2015\Donnee_Anticosti_2015.gdb\Anticosti\Sentier_ete_l,Toponyme4,-1,-1,M:\Carto\Donnee\Global\Sepaq\Donnee_Sepaq_2015\Donnee_Centre_touristique_2015.gdb\Centre_touristique\Sentier_ete_l,Toponyme4,-1,-1,M:\Carto\Donnee\Global\Sepaq\Donnee_Sepaq_2015\Donnee_Parc_national_2015.gdb\Parc_national\Sentier_ete_l,Toponyme4,-1,-1,M:\Carto\Donnee\Global\Sepaq\Donnee_Sepaq_2015\Donnee_Reserve_faunique_2015.gdb\Reserve_faunique\Sentier_ete_l,Toponyme4,-1,-1;Niv_diff "Niv_diff" true true false 20 Text 0 0 ,First,#,M:\Carto\Donnee\Global\Sepaq\Donnee_Sepaq_2015\Donnee_Anticosti_2015.gdb\Anticosti\Sentier_ete_l,Niv_diff,-1,-1,M:\Carto\Donnee\Global\Sepaq\Donnee_Sepaq_2015\Donnee_Centre_touristique_2015.gdb\Centre_touristique\Sentier_ete_l,Niv_diff,-1,-1,M:\Carto\Donnee\Global\Sepaq\Donnee_Sepaq_2015\Donnee_Parc_national_2015.gdb\Parc_national\Sentier_ete_l,Niv_diff,-1,-1,M:\Carto\Donnee\Global\Sepaq\Donnee_Sepaq_2015\Donnee_Reserve_faunique_2015.gdb\Reserve_faunique\Sentier_ete_l,Niv_diff,-1,-1;Secteur "Secteur" true true false 50 Text 0 0 ,First,#,M:\Carto\Donnee\Global\Sepaq\Donnee_Sepaq_2015\Donnee_Anticosti_2015.gdb\Anticosti\Sentier_ete_l,Secteur,-1,-1,M:\Carto\Donnee\Global\Sepaq\Donnee_Sepaq_2015\Donnee_Centre_touristique_2015.gdb\Centre_touristique\Sentier_ete_l,Secteur,-1,-1,M:\Carto\Donnee\Global\Sepaq\Donnee_Sepaq_2015\Donnee_Parc_national_2015.gdb\Parc_national\Sentier_ete_l,Secteur,-1,-1,M:\Carto\Donnee\Global\Sepaq\Donnee_Sepaq_2015\Donnee_Reserve_faunique_2015.gdb\Reserve_faunique\Sentier_ete_l,Secteur,-1,-1;SHAPE_Length "SHAPE_Length" false true true 8 Double 0 0 ,First,#,M:\Carto\Donnee\Global\Sepaq\Donnee_Sepaq_2015\Donnee_Anticosti_2015.gdb\Anticosti\Sentier_ete_l,SHAPE_Length,-1,-1,M:\Carto\Donnee\Global\Sepaq\Donnee_Sepaq_2015\Donnee_Centre_touristique_2015.gdb\Centre_touristique\Sentier_ete_l,Shape_Length,-1,-1,M:\Carto\Donnee\Global\Sepaq\Donnee_Sepaq_2015\Donnee_Parc_national_2015.gdb\Parc_national\Sentier_ete_l,Shape_Length,-1,-1,M:\Carto\Donnee\Global\Sepaq\Donnee_Sepaq_2015\Donnee_Reserve_faunique_2015.gdb\Reserve_faunique\Sentier_ete_l,Shape_Length,-1,-1;Usager_2 "Usager_2" true true false 50 Text 0 0 ,First,#,M:\Carto\Donnee\Global\Sepaq\Donnee_Sepaq_2015\Donnee_Centre_touristique_2015.gdb\Centre_touristique\Sentier_ete_l,Usager_2,-1,-1,M:\Carto\Donnee\Global\Sepaq\Donnee_Sepaq_2015\Donnee_Parc_national_2015.gdb\Parc_national\Sentier_ete_l,Usager_2,-1,-1;Toponyme5 "Toponyme5" true true false 100 Text 0 0 ,First,#,M:\Carto\Donnee\Global\Sepaq\Donnee_Sepaq_2015\Donnee_Parc_national_2015.gdb\Parc_national\Sentier_ete_l,Toponyme5,-1,-1;Toponyme6 "Toponyme6" true true false 100 Text 0 0 ,First,#,M:\Carto\Donnee\Global\Sepaq\Donnee_Sepaq_2015\Donnee_Parc_national_2015.gdb\Parc_national\Sentier_ete_l,Toponyme6,-1,-1;Usager_3 "Usager_3" true true false 50 Text 0 0 ,First,#,M:\Carto\Donnee\Global\Sepaq\Donnee_Sepaq_2015\Donnee_Parc_national_2015.gdb\Parc_national\Sentier_ete_l,Usager_3,-1,-1;Usager_4 "Usager_4" true true false 50 Text 0 0 ,First,#,M:\Carto\Donnee\Global\Sepaq\Donnee_Sepaq_2015\Donnee_Parc_national_2015.gdb\Parc_national\Sentier_ete_l,Usager_4,-1,-1"</Process><Process Name="Feature Class to Feature Class" ToolSource="c:\program files (x86)\arcgis\desktop10.7\ArcToolbox\Toolboxes\Conversion Tools.tbx\FeatureClassToFeatureClass" Date="20200129" Time="074753">FeatureClassToFeatureClass Sentier_ete_l M:\Carto\Donnee\Global\Sepaq\Donnee_Quebec\SHP Sentier_ete_l.shp # "No_etab "No_etab" true true false 5 Text 0 0 ,First,#,Sentier_ete_l,No_etab,-1,-1;Code_etab "Code_etab" true true false 20 Text 0 0 ,First,#,Sentier_ete_l,Code_etab,-1,-1;No_reseau "No_reseau" true true false 5 Text 0 0 ,First,#,Sentier_ete_l,No_reseau,-1,-1;Code_res "Code_res" true true false 5 Text 0 0 ,First,#,Sentier_ete_l,Code_res,-1,-1;Reseau "Reseau" true true false 50 Text 0 0 ,First,#,Sentier_ete_l,Reseau,-1,-1;Nom_etab "Nom_etab" true true false 100 Text 0 0 ,First,#,Sentier_ete_l,Nom_etab,-1,-1;Maj "Maj" true true false 20 Text 0 0 ,First,#,Sentier_ete_l,Maj,-1,-1;Source "Source" true true false 20 Text 0 0 ,First,#,Sentier_ete_l,Source,-1,-1;Remarque "Remarque" true true false 150 Text 0 0 ,First,#,Sentier_ete_l,Remarque,-1,-1;Usager "Usager" true true false 50 Text 0 0 ,First,#,Sentier_ete_l,Usager,-1,-1;Etat "Etat" true true false 50 Text 0 0 ,First,#,Sentier_ete_l,Etat,-1,-1;Toponyme1 "Toponyme1" true true false 100 Text 0 0 ,First,#,Sentier_ete_l,Toponyme1,-1,-1;Toponyme2 "Toponyme2" true true false 100 Text 0 0 ,First,#,Sentier_ete_l,Toponyme2,-1,-1;Toponyme3 "Toponyme3" true true false 100 Text 0 0 ,First,#,Sentier_ete_l,Toponyme3,-1,-1;Toponyme4 "Toponyme4" true true false 100 Text 0 0 ,First,#,Sentier_ete_l,Toponyme4,-1,-1;Niv_diff "Niv_diff" true true false 20 Text 0 0 ,First,#,Sentier_ete_l,Niv_diff,-1,-1;Secteur "Secteur" true true false 50 Text 0 0 ,First,#,Sentier_ete_l,Secteur,-1,-1;Usager_2 "Usager_2" true true false 50 Text 0 0 ,First,#,Sentier_ete_l,Usager_2,-1,-1;Toponyme5 "Toponyme5" true true false 100 Text 0 0 ,First,#,Sentier_ete_l,Toponyme5,-1,-1;Toponyme6 "Toponyme6" true true false 100 Text 0 0 ,First,#,Sentier_ete_l,Toponyme6,-1,-1;Usager_3 "Usager_3" true true false 50 Text 0 0 ,First,#,Sentier_ete_l,Usager_3,-1,-1;Usager_4 "Usager_4" true true false 50 Text 0 0 ,First,#,Sentier_ete_l,Usager_4,-1,-1;Shape_Leng "Shape_Leng" false true true 8 Double 0 0 ,First,#,Sentier_ete_l,Shape_Length,-1,-1" #</Process><Process Name="Delete Field" ToolSource="c:\program files (x86)\arcgis\desktop10.7\ArcToolbox\Toolboxes\Data Management Tools.tbx\DeleteField" Date="20200129" Time="074753">DeleteField M:\Carto\Donnee\Global\Sepaq\Donnee_Quebec\SHP\Sentier_ete_l.shp Remarque</Process></lineage><itemProps><itemName Sync="TRUE">Sentier_ete_l</itemName><imsContentType Sync="TRUE">002</imsContentType><nativeExtBox><westBL Sync="TRUE">390536.807500</westBL><eastBL Sync="TRUE">542155.133800</eastBL><southBL Sync="TRUE">5451553.832300</southBL><northBL Sync="TRUE">5528302.362900</northBL><exTypeCode Sync="TRUE">1</exTypeCode></nativeExtBox><itemLocation><linkage Sync="TRUE">file://\\smbarcgis01.reseausepaq.local\geo\Carto\Donnee\Global\Sepaq\Donnee_Quebec\SHP\Sentier_ete_l.shp</linkage><protocol Sync="TRUE">Local Area Network</protocol></itemLocation><itemSize Sync="TRUE">0.000</itemSize></itemProps><coordRef><type Sync="TRUE">Projected</type><geogcsn Sync="TRUE">GCS_North_American_1983</geogcsn><csUnits Sync="TRUE">Linear Unit: Meter (1.000000)</csUnits><projcsn Sync="TRUE">NAD_1983_Quebec_Lambert</projcsn><peXml Sync="TRUE">&lt;ProjectedCoordinateSystem xsi:type='typens:ProjectedCoordinateSystem' xmlns:xsi='http://www.w3.org/2001/XMLSchema-instance' xmlns:xs='http://www.w3.org/2001/XMLSchema' xmlns:typens='http://www.esri.com/schemas/ArcGIS/10.7'&gt;&lt;WKT&gt;PROJCS[&amp;quot;NAD_1983_Quebec_Lambert&amp;quot;,GEOGCS[&amp;quot;GCS_North_American_1983&amp;quot;,DATUM[&amp;quot;D_North_American_1983&amp;quot;,SPHEROID[&amp;quot;GRS_1980&amp;quot;,6378137.0,298.257222101]],PRIMEM[&amp;quot;Greenwich&amp;quot;,0.0],UNIT[&amp;quot;Degree&amp;quot;,0.0174532925199433]],PROJECTION[&amp;quot;Lambert_Conformal_Conic&amp;quot;],PARAMETER[&amp;quot;False_Easting&amp;quot;,0.0],PARAMETER[&amp;quot;False_Northing&amp;quot;,0.0],PARAMETER[&amp;quot;Central_Meridian&amp;quot;,-68.5],PARAMETER[&amp;quot;Standard_Parallel_1&amp;quot;,46.0],PARAMETER[&amp;quot;Standard_Parallel_2&amp;quot;,60.0],PARAMETER[&amp;quot;Latitude_Of_Origin&amp;quot;,44.0],UNIT[&amp;quot;Meter&amp;quot;,1.0],AUTHORITY[&amp;quot;EPSG&amp;quot;,32198]]&lt;/WKT&gt;&lt;XOrigin&gt;-35683500&lt;/XOrigin&gt;&lt;YOrigin&gt;-29917500&lt;/YOrigin&gt;&lt;XYScale&gt;126209582.22625288&lt;/XYScale&gt;&lt;ZOrigin&gt;-100000&lt;/ZOrigin&gt;&lt;ZScale&gt;10000&lt;/ZScale&gt;&lt;MOrigin&gt;-100000&lt;/MOrigin&gt;&lt;MScale&gt;10000&lt;/MScale&gt;&lt;XYTolerance&gt;0.001&lt;/XYTolerance&gt;&lt;ZTolerance&gt;0.001&lt;/ZTolerance&gt;&lt;MTolerance&gt;0.001&lt;/MTolerance&gt;&lt;HighPrecision&gt;true&lt;/HighPrecision&gt;&lt;WKID&gt;32198&lt;/WKID&gt;&lt;LatestWKID&gt;32198&lt;/LatestWKID&gt;&lt;/ProjectedCoordinateSystem&gt;</peXml></coordRef></DataProperties><SyncDate>20200129</SyncDate><SyncTime>07475100</SyncTime><ModDate>20200129</ModDate><ModTime>07475100</ModTime></Esri><dataIdInfo><envirDesc Sync="TRUE"> Version 6.2 (Build 9200) ; Esri ArcGIS 10.7.0.10450</envirDesc><dataLang><languageCode value="fra" Sync="TRUE"></languageCode><countryCode value="CAN" Sync="TRUE"></countryCode></dataLang><idCitation><resTitle Sync="TRUE">Sentier_ete_l</resTitle><presForm><PresFormCd value="005" Sync="TRUE"></PresFormCd></presForm></idCitation><spatRpType><SpatRepTypCd value="001" Sync="TRUE"></SpatRepTypCd></spatRpType><dataExt><geoEle><GeoBndBox esriExtentType="search"><exTypeCode Sync="TRUE">1</exTypeCode><westBL Sync="TRUE">-64.524164</westBL><eastBL Sync="TRUE">-62.412939</eastBL><northBL Sync="TRUE">49.907106</northBL><southBL Sync="TRUE">49.206995</southBL></GeoBndBox></geoEle></dataExt></dataIdInfo><mdLang><languageCode value="fra" Sync="TRUE"></languageCode><countryCode value="CAN" Sync="TRUE"></countryCode></mdLang><distInfo><distFormat><formatName Sync="TRUE">Shapefile</formatName></distFormat><distTranOps><transSize Sync="TRUE">0.000</transSize></distTranOps></distInfo><mdHrLv><ScopeCd value="005" Sync="TRUE"></ScopeCd></mdHrLv><mdHrLvName Sync="TRUE">dataset</mdHrLvName><refSysInfo><RefSystem><refSysID><identCode code="32198" Sync="TRUE"></identCode><idCodeSpace Sync="TRUE">EPSG</idCodeSpace><idVersion Sync="TRUE">8.3.1(8.1.0)</idVersion></refSysID></RefSystem></refSysInfo><spatRepInfo><VectSpatRep><geometObjs Name="Sentier_ete_l"><geoObjTyp><GeoObjTypCd value="002" Sync="TRUE"></GeoObjTypCd></geoObjTyp><geoObjCnt Sync="TRUE">0</geoObjCnt></geometObjs><topLvl><TopoLevCd value="001" Sync="TRUE"></TopoLevCd></topLvl></VectSpatRep></spatRepInfo><spdoinfo><ptvctinf><esriterm Name="Sentier_ete_l"><efeatyp Sync="TRUE">Simple</efeatyp><efeageom code="3" Sync="TRUE"></efeageom><esritopo Sync="TRUE">FALSE</esritopo><efeacnt Sync="TRUE">0</efeacnt><spindex Sync="TRUE">FALSE</spindex><linrefer Sync="TRUE">FALSE</linrefer></esriterm></ptvctinf></spdoinfo><eainfo><detailed Name="Sentier_ete_l"><enttyp><enttypl Sync="TRUE">Sentier_ete_l</enttypl><enttypt Sync="TRUE">Feature Class</enttypt><enttypc Sync="TRUE">0</enttypc></enttyp><attr><attrlabl Sync="TRUE">FID</attrlabl><attalias Sync="TRUE">FID</attalias><attrtype Sync="TRUE">OID</attrtype><attwidth Sync="TRUE">4</attwidth><atprecis Sync="TRUE">0</atprecis><attscale Sync="TRUE">0</attscale><attrdef Sync="TRUE">Internal feature number.</attrdef><attrdefs Sync="TRUE">Esri</attrdefs><attrdomv><udom Sync="TRUE">Sequential unique whole numbers that are automatically generated.</udom></attrdomv></attr><attr><attrlabl Sync="TRUE">SHAPE</attrlabl><attalias Sync="TRUE">Shape</attalias><attrtype Sync="TRUE">Geometry</attrtype><attwidth Sync="TRUE">0</attwidth><atprecis Sync="TRUE">0</atprecis><attscale Sync="TRUE">0</attscale><attrdef Sync="TRUE">Feature geometry.</attrdef><attrdefs Sync="TRUE">Esri</attrdefs><attrdomv><udom Sync="TRUE">Coordinates defining the features.</udom></attrdomv></attr><attr><attrlabl Sync="TRUE">No_etab</attrlabl><attalias Sync="TRUE">No_etab</attalias><attrtype Sync="TRUE">String</attrtype><attwidth Sync="TRUE">5</attwidth><atprecis Sync="TRUE">0</atprecis><attscale Sync="TRUE">0</attscale></attr><attr><attrlabl Sync="TRUE">Code_etab</attrlabl><attalias Sync="TRUE">Code_etab</attalias><attrtype Sync="TRUE">String</attrtype><attwidth Sync="TRUE">20</attwidth><atprecis Sync="TRUE">0</atprecis><attscale Sync="TRUE">0</attscale></attr><attr><attrlabl Sync="TRUE">No_reseau</attrlabl><attalias Sync="TRUE">No_reseau</attalias><attrtype Sync="TRUE">String</attrtype><attwidth Sync="TRUE">5</attwidth><atprecis Sync="TRUE">0</atprecis><attscale Sync="TRUE">0</attscale></attr><attr><attrlabl Sync="TRUE">Code_res</attrlabl><attalias Sync="TRUE">Code_res</attalias><attrtype Sync="TRUE">String</attrtype><attwidth Sync="TRUE">5</attwidth><atprecis Sync="TRUE">0</atprecis><attscale Sync="TRUE">0</attscale></attr><attr><attrlabl Sync="TRUE">Reseau</attrlabl><attalias Sync="TRUE">Reseau</attalias><attrtype Sync="TRUE">String</attrtype><attwidth Sync="TRUE">50</attwidth><atprecis Sync="TRUE">0</atprecis><attscale Sync="TRUE">0</attscale></attr><attr><attrlabl Sync="TRUE">Nom_etab</attrlabl><attalias Sync="TRUE">Nom_etab</attalias><attrtype Sync="TRUE">String</attrtype><attwidth Sync="TRUE">100</attwidth><atprecis Sync="TRUE">0</atprecis><attscale Sync="TRUE">0</attscale></attr><attr><attrlabl Sync="TRUE">Maj</attrlabl><attalias Sync="TRUE">Maj</attalias><attrtype Sync="TRUE">String</attrtype><attwidth Sync="TRUE">20</attwidth><atprecis Sync="TRUE">0</atprecis><attscale Sync="TRUE">0</attscale></attr><attr><attrlabl Sync="TRUE">Source</attrlabl><attalias Sync="TRUE">Source</attalias><attrtype Sync="TRUE">String</attrtype><attwidth Sync="TRUE">20</attwidth><atprecis Sync="TRUE">0</atprecis><attscale Sync="TRUE">0</attscale></attr><attr><attrlabl Sync="TRUE">Remarque</attrlabl><attalias Sync="TRUE">Remarque</attalias><attrtype Sync="TRUE">String</attrtype><attwidth Sync="TRUE">150</attwidth><atprecis Sync="TRUE">0</atprecis><attscale Sync="TRUE">0</attscale></attr><attr><attrlabl Sync="TRUE">Usager</attrlabl><attalias Sync="TRUE">Usager</attalias><attrtype Sync="TRUE">String</attrtype><attwidth Sync="TRUE">50</attwidth><atprecis Sync="TRUE">0</atprecis><attscale Sync="TRUE">0</attscale></attr><attr><attrlabl Sync="TRUE">Usager_2</attrlabl><attalias Sync="TRUE">Usager_2</attalias><attrtype Sync="TRUE">String</attrtype><attwidth Sync="TRUE">50</attwidth><atprecis Sync="TRUE">0</atprecis><attscale Sync="TRUE">0</attscale></attr><attr><attrlabl Sync="TRUE">Usager_3</attrlabl><attalias Sync="TRUE">Usager_3</attalias><attrtype Sync="TRUE">String</attrtype><attwidth Sync="TRUE">50</attwidth><atprecis Sync="TRUE">0</atprecis><attscale Sync="TRUE">0</attscale></attr><attr><attrlabl Sync="TRUE">Usager_4</attrlabl><attalias Sync="TRUE">Usager_4</attalias><attrtype Sync="TRUE">String</attrtype><attwidth Sync="TRUE">50</attwidth><atprecis Sync="TRUE">0</atprecis><attscale Sync="TRUE">0</attscale></attr><attr><attrlabl Sync="TRUE">Etat</attrlabl><attalias Sync="TRUE">Etat</attalias><attrtype Sync="TRUE">String</attrtype><attwidth Sync="TRUE">50</attwidth><atprecis Sync="TRUE">0</atprecis><attscale Sync="TRUE">0</attscale></attr><attr><attrlabl Sync="TRUE">Toponyme1</attrlabl><attalias Sync="TRUE">Toponyme1</attalias><attrtype Sync="TRUE">String</attrtype><attwidth Sync="TRUE">100</attwidth><atprecis Sync="TRUE">0</atprecis><attscale Sync="TRUE">0</attscale></attr><attr><attrlabl Sync="TRUE">Toponyme2</attrlabl><attalias Sync="TRUE">Toponyme2</attalias><attrtype Sync="TRUE">String</attrtype><attwidth Sync="TRUE">100</attwidth><atprecis Sync="TRUE">0</atprecis><attscale Sync="TRUE">0</attscale></attr><attr><attrlabl Sync="TRUE">Toponyme3</attrlabl><attalias Sync="TRUE">Toponyme3</attalias><attrtype Sync="TRUE">String</attrtype><attwidth Sync="TRUE">100</attwidth><atprecis Sync="TRUE">0</atprecis><attscale Sync="TRUE">0</attscale></attr><attr><attrlabl Sync="TRUE">Toponyme4</attrlabl><attalias Sync="TRUE">Toponyme4</attalias><attrtype Sync="TRUE">String</attrtype><attwidth Sync="TRUE">100</attwidth><atprecis Sync="TRUE">0</atprecis><attscale Sync="TRUE">0</attscale></attr><attr><attrlabl Sync="TRUE">Toponyme5</attrlabl><attalias Sync="TRUE">Toponyme5</attalias><attrtype Sync="TRUE">String</attrtype><attwidth Sync="TRUE">100</attwidth><atprecis Sync="TRUE">0</atprecis><attscale Sync="TRUE">0</attscale></attr><attr><attrlabl Sync="TRUE">Toponyme6</attrlabl><attalias Sync="TRUE">Toponyme6</attalias><attrtype Sync="TRUE">String</attrtype><attwidth Sync="TRUE">100</attwidth><atprecis Sync="TRUE">0</atprecis><attscale Sync="TRUE">0</attscale></attr><attr><attrlabl Sync="TRUE">Niv_diff</attrlabl><attalias Sync="TRUE">Niv_diff</attalias><attrtype Sync="TRUE">String</attrtype><attwidth Sync="TRUE">20</attwidth><atprecis Sync="TRUE">0</atprecis><attscale Sync="TRUE">0</attscale></attr><attr><attrlabl Sync="TRUE">Secteur</attrlabl><attalias Sync="TRUE">Secteur</attalias><attrtype Sync="TRUE">String</attrtype><attwidth Sync="TRUE">50</attwidth><atprecis Sync="TRUE">0</atprecis><attscale Sync="TRUE">0</attscale></attr><attr><attrlabl Sync="TRUE">Shape_Leng</attrlabl><attalias Sync="TRUE">Shape_Leng</attalias><attrtype Sync="TRUE">Double</attrtype><attwidth Sync="TRUE">19</attwidth><atprecis Sync="TRUE">0</atprecis><attscale Sync="TRUE">0</attscale></attr></detailed></eainfo><mdDateSt Sync="TRUE">20200129</mdDateSt></metadata>
